sensorModel,measureUnit,device,location,dataType,data,ts
Fluke 1735,%,Ar-Condicionado 18.000 BTU,Sala de Reunioes,Fator de Potência,0.99862,2025-10-28 00:00:00
Fluke 1735,%,Ar-Condicionado 18.000 BTU,Sala de Reunioes,Fator de Potência,0.9777,2025-10-28 01:00:00
Fluke 1735,%,Ar-Condicionado 18.000 BTU,Sala de Reunioes,Fator de Potência,0.91188,2025-10-28 02:00:00
Fluke 1735,%,Ar-Condicionado 18.000 BTU,Sala de Reunioes,Fator de Potência,0.70186,2025-10-28 03:00:00
Fluke 1735,%,Ar-Condicionado 18.000 BTU,Sala de Reunioes,Fator de Potência,0.73262,2025-10-28 04:00:00
Fluke 1735,%,Ar-Condicionado 18.000 BTU,Sala de Reunioes,Fator de Potência,0.99741,2025-10-28 05:00:00
Fluke 1735,%,Ar-Condicionado 18.000 BTU,Sala de Reunioes,Fator de Potência,0.55279,2025-10-28 06:00:00
Fluke 1735,%,Ar-Condicionado 18.000 BTU,Sala de Reunioes,Fator de Potência,0.68616,2025-10-28 07:00:00
Fluke 1735,%,Ar-Condicionado 18.000 BTU,Sala de Reunioes,Fator de Potência,0.61322,2025-10-28 08:00:00
Fluke 1735,%,Ar-Condicionado 18.000 BTU,Sala de Reunioes,Fator de Potência,0.97974,2025-10-28 09:00:00
Fluke 1735,%,Ar-Condicionado 18.000 BTU,Sala de Reunioes,Fator de Potência,0.93946,2025-10-28 10:00:00
Fluke 1735,%,Ar-Condicionado 18.000 BTU,Sala de Reunioes,Fator de Potência,0.83098,2025-10-28 11:00:00
Fluke 1735,%,Ar-Condicionado 18.000 BTU,Sala de Reunioes,Fator de Potência,0.61092,2025-10-28 12:00:00
Fluke 1735,%,Ar-Condicionado 18.000 BTU,Sala de Reunioes,Fator de Potência,0.99903,2025-10-28 13:00:00
Fluke 1735,%,Ar-Condicionado 18.000 BTU,Sala de Reunioes,Fator de Potência,0.99982,2025-10-28 14:00:00
Fluke 1735,%,Ar-Condicionado 18.000 BTU,Sala de Reunioes,Fator de Potência,0.99638,2025-10-28 15:00:00
Fluke 1735,%,Ar-Condicionado 18.000 BTU,Sala de Reunioes,Fator de Potência,0.98304,2025-10-28 16:00:00
Fluke 1735,%,Ar-Condicionado 18.000 BTU,Sala de Reunioes,Fator de Potência,0.86105,2025-10-28 17:00:00
Fluke 1735,%,Ar-Condicionado 18.000 BTU,Sala de Reunioes,Fator de Potência,0.71977,2025-10-28 18:00:00
Fluke 1735,%,Ar-Condicionado 18.000 BTU,Sala de Reunioes,Fator de Potência,0.52678,2025-10-28 19:00:00
Fluke 1735,%,Ar-Condicionado 18.000 BTU,Sala de Reunioes,Fator de Potência,0.77292,2025-10-28 20:00:00
Fluke 1735,%,Ar-Condicionado 18.000 BTU,Sala de Reunioes,Fator de Potência,0.91122,2025-10-28 21:00:00
Fluke 1735,%,Ar-Condicionado 18.000 BTU,Sala de Reunioes,Fator de Potência,0.97469,2025-10-28 22:00:00
Fluke 1735,%,Ar-Condicionado 18.000 BTU,Sala de Reunioes,Fator de Potência,0.98064,2025-10-28 23:00:00
Fluke 1735,%,Ar-Condicionado 15.000 BTU,Auditorio,Fator de Potência,0.90229,2025-10-28 00:00:00
Fluke 1735,%,Ar-Condicionado 15.000 BTU,Auditorio,Fator de Potência,0.72214,2025-10-28 01:00:00
Fluke 1735,%,Ar-Condicionado 15.000 BTU,Auditorio,Fator de Potência,0.99963,2025-10-28 02:00:00
Fluke 1735,%,Ar-Condicionado 15.000 BTU,Auditorio,Fator de Potência,0.94641,2025-10-28 03:00:00
Fluke 1735,%,Ar-Condicionado 15.000 BTU,Auditorio,Fator de Potência,0.64535,2025-10-28 04:00:00
Fluke 1735,%,Ar-Condicionado 15.000 BTU,Auditorio,Fator de Potência,0.9328,2025-10-28 05:00:00
Fluke 1735,%,Ar-Condicionado 15.000 BTU,Auditorio,Fator de Potência,0.7167,2025-10-28 06:00:00
Fluke 1735,%,Ar-Condicionado 15.000 BTU,Auditorio,Fator de Potência,0.95957,2025-10-28 07:00:00
Fluke 1735,%,Ar-Condicionado 15.000 BTU,Auditorio,Fator de Potência,0.85517,2025-10-28 08:00:00
Fluke 1735,%,Ar-Condicionado 15.000 BTU,Auditorio,Fator de Potência,0.99569,2025-10-28 09:00:00
Fluke 1735,%,Ar-Condicionado 15.000 BTU,Auditorio,Fator de Potência,0.7943,2025-10-28 10:00:00
Fluke 1735,%,Ar-Condicionado 15.000 BTU,Auditorio,Fator de Potência,0.95473,2025-10-28 11:00:00
Fluke 1735,%,Ar-Condicionado 15.000 BTU,Auditorio,Fator de Potência,0.5945,2025-10-28 12:00:00
Fluke 1735,%,Ar-Condicionado 15.000 BTU,Auditorio,Fator de Potência,0.94989,2025-10-28 13:00:00
Fluke 1735,%,Ar-Condicionado 15.000 BTU,Auditorio,Fator de Potência,0.75969,2025-10-28 14:00:00
Fluke 1735,%,Ar-Condicionado 15.000 BTU,Auditorio,Fator de Potência,0.88974,2025-10-28 15:00:00
Fluke 1735,%,Ar-Condicionado 15.000 BTU,Auditorio,Fator de Potência,0.7784,2025-10-28 16:00:00
Fluke 1735,%,Ar-Condicionado 15.000 BTU,Auditorio,Fator de Potência,0.98413,2025-10-28 17:00:00
Fluke 1735,%,Ar-Condicionado 15.000 BTU,Auditorio,Fator de Potência,0.99691,2025-10-28 18:00:00
Fluke 1735,%,Ar-Condicionado 15.000 BTU,Auditorio,Fator de Potência,0.94888,2025-10-28 19:00:00
Fluke 1735,%,Ar-Condicionado 15.000 BTU,Auditorio,Fator de Potência,0.92779,2025-10-28 20:00:00
Fluke 1735,%,Ar-Condicionado 15.000 BTU,Auditorio,Fator de Potência,0.99997,2025-10-28 21:00:00
Fluke 1735,%,Ar-Condicionado 15.000 BTU,Auditorio,Fator de Potência,0.43429,2025-10-28 22:00:00
Fluke 1735,%,Ar-Condicionado 15.000 BTU,Auditorio,Fator de Potência,0.86465,2025-10-28 23:00:00
Fluke 1735,%,Ar-Condicionado 12.000 BTU,Sala de Servidores,Fator de Potência,0.99194,2025-10-28 00:00:00
Fluke 1735,%,Ar-Condicionado 12.000 BTU,Sala de Servidores,Fator de Potência,0.99944,2025-10-28 01:00:00
Fluke 1735,%,Ar-Condicionado 12.000 BTU,Sala de Servidores,Fator de Potência,0.98947,2025-10-28 02:00:00
Fluke 1735,%,Ar-Condicionado 12.000 BTU,Sala de Servidores,Fator de Potência,0.69426,2025-10-28 03:00:00
Fluke 1735,%,Ar-Condicionado 12.000 BTU,Sala de Servidores,Fator de Potência,0.96657,2025-10-28 04:00:00
Fluke 1735,%,Ar-Condicionado 12.000 BTU,Sala de Servidores,Fator de Potência,0.72421,2025-10-28 05:00:00
Fluke 1735,%,Ar-Condicionado 12.000 BTU,Sala de Servidores,Fator de Potência,0.85522,2025-10-28 06:00:00
Fluke 1735,%,Ar-Condicionado 12.000 BTU,Sala de Servidores,Fator de Potência,0.56085,2025-10-28 07:00:00
Fluke 1735,%,Ar-Condicionado 12.000 BTU,Sala de Servidores,Fator de Potência,0.90957,2025-10-28 08:00:00
Fluke 1735,%,Ar-Condicionado 12.000 BTU,Sala de Servidores,Fator de Potência,0.45193,2025-10-28 09:00:00
Fluke 1735,%,Ar-Condicionado 12.000 BTU,Sala de Servidores,Fator de Potência,0.5745,2025-10-28 10:00:00
Fluke 1735,%,Ar-Condicionado 12.000 BTU,Sala de Servidores,Fator de Potência,0.29334,2025-10-28 11:00:00
Fluke 1735,%,Ar-Condicionado 12.000 BTU,Sala de Servidores,Fator de Potência,0.99712,2025-10-28 12:00:00
Fluke 1735,%,Ar-Condicionado 12.000 BTU,Sala de Servidores,Fator de Potência,0.99012,2025-10-28 13:00:00
Fluke 1735,%,Ar-Condicionado 12.000 BTU,Sala de Servidores,Fator de Potência,0.88619,2025-10-28 14:00:00
Fluke 1735,%,Ar-Condicionado 12.000 BTU,Sala de Servidores,Fator de Potência,0.98878,2025-10-28 15:00:00
Fluke 1735,%,Ar-Condicionado 12.000 BTU,Sala de Servidores,Fator de Potência,0.93892,2025-10-28 16:00:00
Fluke 1735,%,Ar-Condicionado 12.000 BTU,Sala de Servidores,Fator de Potência,0.93569,2025-10-28 17:00:00
Fluke 1735,%,Ar-Condicionado 12.000 BTU,Sala de Servidores,Fator de Potência,0.96448,2025-10-28 18:00:00
Fluke 1735,%,Ar-Condicionado 12.000 BTU,Sala de Servidores,Fator de Potência,0.97638,2025-10-28 19:00:00
Fluke 1735,%,Ar-Condicionado 12.000 BTU,Sala de Servidores,Fator de Potência,0.95651,2025-10-28 20:00:00
Fluke 1735,%,Ar-Condicionado 12.000 BTU,Sala de Servidores,Fator de Potência,0.96694,2025-10-28 21:00:00
Fluke 1735,%,Ar-Condicionado 12.000 BTU,Sala de Servidores,Fator de Potência,0.95156,2025-10-28 22:00:00
Fluke 1735,%,Ar-Condicionado 12.000 BTU,Sala de Servidores,Fator de Potência,0.8904,2025-10-28 23:00:00
Fluke 1735,%,Aquecedor de Ambiente,Deposito,Fator de Potência,0.26619,2025-10-28 00:00:00
Fluke 1735,%,Aquecedor de Ambiente,Deposito,Fator de Potência,0.9395,2025-10-28 01:00:00
Fluke 1735,%,Aquecedor de Ambiente,Deposito,Fator de Potência,0.9627,2025-10-28 02:00:00
Fluke 1735,%,Aquecedor de Ambiente,Deposito,Fator de Potência,0.99816,2025-10-28 03:00:00
Fluke 1735,%,Aquecedor de Ambiente,Deposito,Fator de Potência,0.99782,2025-10-28 04:00:00
Fluke 1735,%,Aquecedor de Ambiente,Deposito,Fator de Potência,0.13375,2025-10-28 05:00:00
Fluke 1735,%,Aquecedor de Ambiente,Deposito,Fator de Potência,0.98378,2025-10-28 06:00:00
Fluke 1735,%,Aquecedor de Ambiente,Deposito,Fator de Potência,0.95787,2025-10-28 07:00:00
Fluke 1735,%,Aquecedor de Ambiente,Deposito,Fator de Potência,0.97283,2025-10-28 08:00:00
Fluke 1735,%,Aquecedor de Ambiente,Deposito,Fator de Potência,0.78559,2025-10-28 09:00:00
Fluke 1735,%,Aquecedor de Ambiente,Deposito,Fator de Potência,0.90023,2025-10-28 10:00:00
Fluke 1735,%,Aquecedor de Ambiente,Deposito,Fator de Potência,0.99988,2025-10-28 11:00:00
Fluke 1735,%,Aquecedor de Ambiente,Deposito,Fator de Potência,0.71945,2025-10-28 12:00:00
Fluke 1735,%,Aquecedor de Ambiente,Deposito,Fator de Potência,0.95043,2025-10-28 13:00:00
Fluke 1735,%,Aquecedor de Ambiente,Deposito,Fator de Potência,0.87491,2025-10-28 14:00:00
Fluke 1735,%,Aquecedor de Ambiente,Deposito,Fator de Potência,0.20841,2025-10-28 15:00:00
Fluke 1735,%,Aquecedor de Ambiente,Deposito,Fator de Potência,0.64968,2025-10-28 16:00:00
Fluke 1735,%,Aquecedor de Ambiente,Deposito,Fator de Potência,0.99776,2025-10-28 17:00:00
Fluke 1735,%,Aquecedor de Ambiente,Deposito,Fator de Potência,0.94203,2025-10-28 18:00:00
Fluke 1735,%,Aquecedor de Ambiente,Deposito,Fator de Potência,0.97649,2025-10-28 19:00:00
Fluke 1735,%,Aquecedor de Ambiente,Deposito,Fator de Potência,0.94184,2025-10-28 20:00:00
Fluke 1735,%,Aquecedor de Ambiente,Deposito,Fator de Potência,0.98759,2025-10-28 21:00:00
Fluke 1735,%,Aquecedor de Ambiente,Deposito,Fator de Potência,0.95183,2025-10-28 22:00:00
Fluke 1735,%,Aquecedor de Ambiente,Deposito,Fator de Potência,0.93672,2025-10-28 23:00:00
Shelly EM,kWh,Disjuntor Geral,Quadro de Distribuicao,Consumo de Energia,91.71,2025-10-28 00:00:00
Shelly EM,kWh,Disjuntor Geral,Quadro de Distribuicao,Consumo de Energia,159.04,2025-10-28 01:00:00
Shelly EM,kWh,Disjuntor Geral,Quadro de Distribuicao,Consumo de Energia,114.2,2025-10-28 02:00:00
Shelly EM,kWh,Disjuntor Geral,Quadro de Distribuicao,Consumo de Energia,46.14,2025-10-28 03:00:00
Shelly EM,kWh,Disjuntor Geral,Quadro de Distribuicao,Consumo de Energia,86.82,2025-10-28 04:00:00
Shelly EM,kWh,Disjuntor Geral,Quadro de Distribuicao,Consumo de Energia,71.53,2025-10-28 05:00:00
Shelly EM,kWh,Disjuntor Geral,Quadro de Distribuicao,Consumo de Energia,150.88,2025-10-28 06:00:00
Shelly EM,kWh,Disjuntor Geral,Quadro de Distribuicao,Consumo de Energia,121.06,2025-10-28 07:00:00
Shelly EM,kWh,Disjuntor Geral,Quadro de Distribuicao,Consumo de Energia,91.4,2025-10-28 08:00:00
Shelly EM,kWh,Disjuntor Geral,Quadro de Distribuicao,Consumo de Energia,93.87,2025-10-28 09:00:00
Shelly EM,kWh,Disjuntor Geral,Quadro de Distribuicao,Consumo de Energia,65.29,2025-10-28 10:00:00
Shelly EM,kWh,Disjuntor Geral,Quadro de Distribuicao,Consumo de Energia,121.71,2025-10-28 11:00:00
Shelly EM,kWh,Disjuntor Geral,Quadro de Distribuicao,Consumo de Energia,52.32,2025-10-28 12:00:00
Shelly EM,kWh,Disjuntor Geral,Quadro de Distribuicao,Consumo de Energia,110.56,2025-10-28 13:00:00
Shelly EM,kWh,Disjuntor Geral,Quadro de Distribuicao,Consumo de Energia,149.51,2025-10-28 14:00:00
Shelly EM,kWh,Disjuntor Geral,Quadro de Distribuicao,Consumo de Energia,40.0,2025-10-28 15:00:00
Shelly EM,kWh,Disjuntor Geral,Quadro de Distribuicao,Consumo de Energia,93.92,2025-10-28 16:00:00
Shelly EM,kWh,Disjuntor Geral,Quadro de Distribuicao,Consumo de Energia,107.2,2025-10-28 17:00:00
Shelly EM,kWh,Disjuntor Geral,Quadro de Distribuicao,Consumo de Energia,109.68,2025-10-28 18:00:00
Shelly EM,kWh,Disjuntor Geral,Quadro de Distribuicao,Consumo de Energia,141.9,2025-10-28 19:00:00
Shelly EM,kWh,Disjuntor Geral,Quadro de Distribuicao,Consumo de Energia,143.82,2025-10-28 20:00:00
Shelly EM,kWh,Disjuntor Geral,Quadro de Distribuicao,Consumo de Energia,50.61,2025-10-28 21:00:00
Shelly EM,kWh,Disjuntor Geral,Quadro de Distribuicao,Consumo de Energia,104.11,2025-10-28 22:00:00
Shelly EM,kWh,Disjuntor Geral,Quadro de Distribuicao,Consumo de Energia,122.85,2025-10-28 23:00:00
Shelly EM,kWh,Circuito de Iluminacao,Corredor Principal,Consumo de Energia,132.23,2025-10-28 00:00:00
Shelly EM,kWh,Circuito de Iluminacao,Corredor Principal,Consumo de Energia,78.27,2025-10-28 01:00:00
Shelly EM,kWh,Circuito de Iluminacao,Corredor Principal,Consumo de Energia,109.55,2025-10-28 02:00:00
Shelly EM,kWh,Circuito de Iluminacao,Corredor Principal,Consumo de Energia,124.34,2025-10-28 03:00:00
Shelly EM,kWh,Circuito de Iluminacao,Corredor Principal,Consumo de Energia,51.1,2025-10-28 04:00:00
Shelly EM,kWh,Circuito de Iluminacao,Corredor Principal,Consumo de Energia,152.87,2025-10-28 05:00:00
Shelly EM,kWh,Circuito de Iluminacao,Corredor Principal,Consumo de Energia,87.47,2025-10-28 06:00:00
Shelly EM,kWh,Circuito de Iluminacao,Corredor Principal,Consumo de Energia,75.52,2025-10-28 07:00:00
Shelly EM,kWh,Circuito de Iluminacao,Corredor Principal,Consumo de Energia,87.76,2025-10-28 08:00:00
Shelly EM,kWh,Circuito de Iluminacao,Corredor Principal,Consumo de Energia,83.01,2025-10-28 09:00:00
Shelly EM,kWh,Circuito de Iluminacao,Corredor Principal,Consumo de Energia,16.19,2025-10-28 10:00:00
Shelly EM,kWh,Circuito de Iluminacao,Corredor Principal,Consumo de Energia,91.12,2025-10-28 11:00:00
Shelly EM,kWh,Circuito de Iluminacao,Corredor Principal,Consumo de Energia,78.4,2025-10-28 12:00:00
Shelly EM,kWh,Circuito de Iluminacao,Corredor Principal,Consumo de Energia,92.56,2025-10-28 13:00:00
Shelly EM,kWh,Circuito de Iluminacao,Corredor Principal,Consumo de Energia,63.95,2025-10-28 14:00:00
Shelly EM,kWh,Circuito de Iluminacao,Corredor Principal,Consumo de Energia,104.3,2025-10-28 15:00:00
Shelly EM,kWh,Circuito de Iluminacao,Corredor Principal,Consumo de Energia,125.51,2025-10-28 16:00:00
Shelly EM,kWh,Circuito de Iluminacao,Corredor Principal,Consumo de Energia,44.48,2025-10-28 17:00:00
Shelly EM,kWh,Circuito de Iluminacao,Corredor Principal,Consumo de Energia,46.52,2025-10-28 18:00:00
Shelly EM,kWh,Circuito de Iluminacao,Corredor Principal,Consumo de Energia,74.02,2025-10-28 19:00:00
Shelly EM,kWh,Circuito de Iluminacao,Corredor Principal,Consumo de Energia,76.03,2025-10-28 20:00:00
Shelly EM,kWh,Circuito de Iluminacao,Corredor Principal,Consumo de Energia,123.48,2025-10-28 21:00:00
Shelly EM,kWh,Circuito de Iluminacao,Corredor Principal,Consumo de Energia,177.3,2025-10-28 22:00:00
Shelly EM,kWh,Circuito de Iluminacao,Corredor Principal,Consumo de Energia,73.19,2025-10-28 23:00:00
Shelly EM,kWh,Circuito de Tomadas,Sala de Engenharia,Consumo de Energia,72.01,2025-10-28 00:00:00
Shelly EM,kWh,Circuito de Tomadas,Sala de Engenharia,Consumo de Energia,89.32,2025-10-28 01:00:00
Shelly EM,kWh,Circuito de Tomadas,Sala de Engenharia,Consumo de Energia,117.9,2025-10-28 02:00:00
Shelly EM,kWh,Circuito de Tomadas,Sala de Engenharia,Consumo de Energia,70.84,2025-10-28 03:00:00
Shelly EM,kWh,Circuito de Tomadas,Sala de Engenharia,Consumo de Energia,90.76,2025-10-28 04:00:00
Shelly EM,kWh,Circuito de Tomadas,Sala de Engenharia,Consumo de Energia,132.39,2025-10-28 05:00:00
Shelly EM,kWh,Circuito de Tomadas,Sala de Engenharia,Consumo de Energia,134.09,2025-10-28 06:00:00
Shelly EM,kWh,Circuito de Tomadas,Sala de Engenharia,Consumo de Energia,104.47,2025-10-28 07:00:00
Shelly EM,kWh,Circuito de Tomadas,Sala de Engenharia,Consumo de Energia,63.11,2025-10-28 08:00:00
Shelly EM,kWh,Circuito de Tomadas,Sala de Engenharia,Consumo de Energia,122.61,2025-10-28 09:00:00
Shelly EM,kWh,Circuito de Tomadas,Sala de Engenharia,Consumo de Energia,91.82,2025-10-28 10:00:00
Shelly EM,kWh,Circuito de Tomadas,Sala de Engenharia,Consumo de Energia,106.75,2025-10-28 11:00:00
Shelly EM,kWh,Circuito de Tomadas,Sala de Engenharia,Consumo de Energia,87.45,2025-10-28 12:00:00
Shelly EM,kWh,Circuito de Tomadas,Sala de Engenharia,Consumo de Energia,96.55,2025-10-28 13:00:00
Shelly EM,kWh,Circuito de Tomadas,Sala de Engenharia,Consumo de Energia,112.42,2025-10-28 14:00:00
Shelly EM,kWh,Circuito de Tomadas,Sala de Engenharia,Consumo de Energia,94.92,2025-10-28 15:00:00
Shelly EM,kWh,Circuito de Tomadas,Sala de Engenharia,Consumo de Energia,61.55,2025-10-28 16:00:00
Shelly EM,kWh,Circuito de Tomadas,Sala de Engenharia,Consumo de Energia,84.65,2025-10-28 17:00:00
Shelly EM,kWh,Circuito de Tomadas,Sala de Engenharia,Consumo de Energia,132.33,2025-10-28 18:00:00
Shelly EM,kWh,Circuito de Tomadas,Sala de Engenharia,Consumo de Energia,60.54,2025-10-28 19:00:00
Shelly EM,kWh,Circuito de Tomadas,Sala de Engenharia,Consumo de Energia,117.12,2025-10-28 20:00:00
Shelly EM,kWh,Circuito de Tomadas,Sala de Engenharia,Consumo de Energia,115.13,2025-10-28 21:00:00
Shelly EM,kWh,Circuito de Tomadas,Sala de Engenharia,Consumo de Energia,144.39,2025-10-28 22:00:00
Shelly EM,kWh,Circuito de Tomadas,Sala de Engenharia,Consumo de Energia,47.58,2025-10-28 23:00:00
Shelly EM,kWh,Painel de Energia,Subestacao Interna,Consumo de Energia,119.75,2025-10-28 00:00:00
Shelly EM,kWh,Painel de Energia,Subestacao Interna,Consumo de Energia,104.2,2025-10-28 01:00:00
Shelly EM,kWh,Painel de Energia,Subestacao Interna,Consumo de Energia,119.03,2025-10-28 02:00:00
Shelly EM,kWh,Painel de Energia,Subestacao Interna,Consumo de Energia,83.48,2025-10-28 03:00:00
Shelly EM,kWh,Painel de Energia,Subestacao Interna,Consumo de Energia,54.74,2025-10-28 04:00:00
Shelly EM,kWh,Painel de Energia,Subestacao Interna,Consumo de Energia,78.56,2025-10-28 05:00:00
Shelly EM,kWh,Painel de Energia,Subestacao Interna,Consumo de Energia,100.51,2025-10-28 06:00:00
Shelly EM,kWh,Painel de Energia,Subestacao Interna,Consumo de Energia,82.52,2025-10-28 07:00:00
Shelly EM,kWh,Painel de Energia,Subestacao Interna,Consumo de Energia,44.98,2025-10-28 08:00:00
Shelly EM,kWh,Painel de Energia,Subestacao Interna,Consumo de Energia,91.43,2025-10-28 09:00:00
Shelly EM,kWh,Painel de Energia,Subestacao Interna,Consumo de Energia,110.65,2025-10-28 10:00:00
Shelly EM,kWh,Painel de Energia,Subestacao Interna,Consumo de Energia,114.16,2025-10-28 11:00:00
Shelly EM,kWh,Painel de Energia,Subestacao Interna,Consumo de Energia,95.86,2025-10-28 12:00:00
Shelly EM,kWh,Painel de Energia,Subestacao Interna,Consumo de Energia,133.61,2025-10-28 13:00:00
Shelly EM,kWh,Painel de Energia,Subestacao Interna,Consumo de Energia,104.43,2025-10-28 14:00:00
Shelly EM,kWh,Painel de Energia,Subestacao Interna,Consumo de Energia,139.95,2025-10-28 15:00:00
Shelly EM,kWh,Painel de Energia,Subestacao Interna,Consumo de Energia,94.91,2025-10-28 16:00:00
Shelly EM,kWh,Painel de Energia,Subestacao Interna,Consumo de Energia,73.07,2025-10-28 17:00:00
Shelly EM,kWh,Painel de Energia,Subestacao Interna,Consumo de Energia,138.21,2025-10-28 18:00:00
Shelly EM,kWh,Painel de Energia,Subestacao Interna,Consumo de Energia,70.02,2025-10-28 19:00:00
Shelly EM,kWh,Painel de Energia,Subestacao Interna,Consumo de Energia,134.72,2025-10-28 20:00:00
Shelly EM,kWh,Painel de Energia,Subestacao Interna,Consumo de Energia,89.65,2025-10-28 21:00:00
Shelly EM,kWh,Painel de Energia,Subestacao Interna,Consumo de Energia,78.51,2025-10-28 22:00:00
Shelly EM,kWh,Painel de Energia,Subestacao Interna,Consumo de Energia,69.22,2025-10-28 23:00:00
Sonoff Pow R3,W,Lâmpada Incandescente - 100 W,Escritorio,Consumo de Energia,1.64186,2025-10-28 00:00:00
Sonoff Pow R3,W,Lâmpada Incandescente - 100 W,Escritorio,Consumo de Energia,44.23981,2025-10-28 01:00:00
Sonoff Pow R3,W,Lâmpada Incandescente - 100 W,Escritorio,Consumo de Energia,60.88095,2025-10-28 02:00:00
Sonoff Pow R3,W,Lâmpada Incandescente - 100 W,Escritorio,Consumo de Energia,99.82591,2025-10-28 03:00:00
Sonoff Pow R3,W,Lâmpada Incandescente - 100 W,Escritorio,Consumo de Energia,105.32969,2025-10-28 04:00:00
Sonoff Pow R3,W,Lâmpada Incandescente - 100 W,Escritorio,Consumo de Energia,112.49138,2025-10-28 05:00:00
Sonoff Pow R3,W,Lâmpada Incandescente - 100 W,Escritorio,Consumo de Energia,107.26736,2025-10-28 06:00:00
Sonoff Pow R3,W,Lâmpada Incandescente - 100 W,Escritorio,Consumo de Energia,69.2626,2025-10-28 07:00:00
Sonoff Pow R3,W,Lâmpada Incandescente - 100 W,Escritorio,Consumo de Energia,46.07819,2025-10-28 08:00:00
Sonoff Pow R3,W,Lâmpada Incandescente - 100 W,Escritorio,Consumo de Energia,15.76458,2025-10-28 09:00:00
Sonoff Pow R3,W,Lâmpada Incandescente - 100 W,Escritorio,Consumo de Energia,14.69916,2025-10-28 10:00:00
Sonoff Pow R3,W,Lâmpada Incandescente - 100 W,Escritorio,Consumo de Energia,36.28803,2025-10-28 11:00:00
Sonoff Pow R3,W,Lâmpada Incandescente - 100 W,Escritorio,Consumo de Energia,63.61324,2025-10-28 12:00:00
Sonoff Pow R3,W,Lâmpada Incandescente - 100 W,Escritorio,Consumo de Energia,102.59686,2025-10-28 13:00:00
Sonoff Pow R3,W,Lâmpada Incandescente - 100 W,Escritorio,Consumo de Energia,113.66232,2025-10-28 14:00:00
Sonoff Pow R3,W,Lâmpada Incandescente - 100 W,Escritorio,Consumo de Energia,108.90958,2025-10-28 15:00:00
Sonoff Pow R3,W,Lâmpada Incandescente - 100 W,Escritorio,Consumo de Energia,108.21311,2025-10-28 16:00:00
Sonoff Pow R3,W,Lâmpada Incandescente - 100 W,Escritorio,Consumo de Energia,57.5922,2025-10-28 17:00:00
Sonoff Pow R3,W,Lâmpada Incandescente - 100 W,Escritorio,Consumo de Energia,0.12224,2025-10-28 18:00:00
Sonoff Pow R3,W,Lâmpada Incandescente - 100 W,Escritorio,Consumo de Energia,34.67842,2025-10-28 19:00:00
Sonoff Pow R3,W,Lâmpada Incandescente - 100 W,Escritorio,Consumo de Energia,22.98067,2025-10-28 20:00:00
Sonoff Pow R3,W,Lâmpada Incandescente - 100 W,Escritorio,Consumo de Energia,70.4081,2025-10-28 21:00:00
Sonoff Pow R3,W,Lâmpada Incandescente - 100 W,Escritorio,Consumo de Energia,63.85557,2025-10-28 22:00:00
Sonoff Pow R3,W,Lâmpada Incandescente - 100 W,Escritorio,Consumo de Energia,88.93947,2025-10-28 23:00:00
Sonoff Pow R3,W,Multiprocessador,Copa,Consumo de Energia,8.6884,2025-10-28 00:00:00
Sonoff Pow R3,W,Multiprocessador,Copa,Consumo de Energia,43.07972,2025-10-28 01:00:00
Sonoff Pow R3,W,Multiprocessador,Copa,Consumo de Energia,70.28013,2025-10-28 02:00:00
Sonoff Pow R3,W,Multiprocessador,Copa,Consumo de Energia,80.94287,2025-10-28 03:00:00
Sonoff Pow R3,W,Multiprocessador,Copa,Consumo de Energia,78.34351,2025-10-28 04:00:00
Sonoff Pow R3,W,Multiprocessador,Copa,Consumo de Energia,104.94059,2025-10-28 05:00:00
Sonoff Pow R3,W,Multiprocessador,Copa,Consumo de Energia,101.49769,2025-10-28 06:00:00
Sonoff Pow R3,W,Multiprocessador,Copa,Consumo de Energia,62.78131,2025-10-28 07:00:00
Sonoff Pow R3,W,Multiprocessador,Copa,Consumo de Energia,59.43583,2025-10-28 08:00:00
Sonoff Pow R3,W,Multiprocessador,Copa,Consumo de Energia,9.14558,2025-10-28 09:00:00
Sonoff Pow R3,W,Multiprocessador,Copa,Consumo de Energia,23.09055,2025-10-28 10:00:00
Sonoff Pow R3,W,Multiprocessador,Copa,Consumo de Energia,41.03266,2025-10-28 11:00:00
Sonoff Pow R3,W,Multiprocessador,Copa,Consumo de Energia,84.21539,2025-10-28 12:00:00
Sonoff Pow R3,W,Multiprocessador,Copa,Consumo de Energia,95.38891,2025-10-28 13:00:00
Sonoff Pow R3,W,Multiprocessador,Copa,Consumo de Energia,94.45786,2025-10-28 14:00:00
Sonoff Pow R3,W,Multiprocessador,Copa,Consumo de Energia,91.29244,2025-10-28 15:00:00
Sonoff Pow R3,W,Multiprocessador,Copa,Consumo de Energia,91.65378,2025-10-28 16:00:00
Sonoff Pow R3,W,Multiprocessador,Copa,Consumo de Energia,60.19424,2025-10-28 17:00:00
Sonoff Pow R3,W,Multiprocessador,Copa,Consumo de Energia,21.63401,2025-10-28 18:00:00
Sonoff Pow R3,W,Multiprocessador,Copa,Consumo de Energia,2.87623,2025-10-28 19:00:00
Sonoff Pow R3,W,Multiprocessador,Copa,Consumo de Energia,50.43807,2025-10-28 20:00:00
Sonoff Pow R3,W,Multiprocessador,Copa,Consumo de Energia,74.04988,2025-10-28 21:00:00
Sonoff Pow R3,W,Multiprocessador,Copa,Consumo de Energia,83.18015,2025-10-28 22:00:00
Sonoff Pow R3,W,Multiprocessador,Copa,Consumo de Energia,95.05953,2025-10-28 23:00:00
Sonoff Pow R3,W,Ventilador Pequeno,Sala de Atendimento,Consumo de Energia,6.59677,2025-10-28 00:00:00
Sonoff Pow R3,W,Ventilador Pequeno,Sala de Atendimento,Consumo de Energia,36.41668,2025-10-28 01:00:00
Sonoff Pow R3,W,Ventilador Pequeno,Sala de Atendimento,Consumo de Energia,70.95278,2025-10-28 02:00:00
Sonoff Pow R3,W,Ventilador Pequeno,Sala de Atendimento,Consumo de Energia,88.77537,2025-10-28 03:00:00
Sonoff Pow R3,W,Ventilador Pequeno,Sala de Atendimento,Consumo de Energia,91.28044,2025-10-28 04:00:00
Sonoff Pow R3,W,Ventilador Pequeno,Sala de Atendimento,Consumo de Energia,102.21915,2025-10-28 05:00:00
Sonoff Pow R3,W,Ventilador Pequeno,Sala de Atendimento,Consumo de Energia,84.18122,2025-10-28 06:00:00
Sonoff Pow R3,W,Ventilador Pequeno,Sala de Atendimento,Consumo de Energia,85.29852,2025-10-28 07:00:00
Sonoff Pow R3,W,Ventilador Pequeno,Sala de Atendimento,Consumo de Energia,38.796,2025-10-28 08:00:00
Sonoff Pow R3,W,Ventilador Pequeno,Sala de Atendimento,Consumo de Energia,25.40066,2025-10-28 09:00:00
Sonoff Pow R3,W,Ventilador Pequeno,Sala de Atendimento,Consumo de Energia,17.29555,2025-10-28 10:00:00
Sonoff Pow R3,W,Ventilador Pequeno,Sala de Atendimento,Consumo de Energia,51.50909,2025-10-28 11:00:00
Sonoff Pow R3,W,Ventilador Pequeno,Sala de Atendimento,Consumo de Energia,87.76826,2025-10-28 12:00:00
Sonoff Pow R3,W,Ventilador Pequeno,Sala de Atendimento,Consumo de Energia,113.57266,2025-10-28 13:00:00
Sonoff Pow R3,W,Ventilador Pequeno,Sala de Atendimento,Consumo de Energia,101.37472,2025-10-28 14:00:00
Sonoff Pow R3,W,Ventilador Pequeno,Sala de Atendimento,Consumo de Energia,104.30576,2025-10-28 15:00:00
Sonoff Pow R3,W,Ventilador Pequeno,Sala de Atendimento,Consumo de Energia,78.00913,2025-10-28 16:00:00
Sonoff Pow R3,W,Ventilador Pequeno,Sala de Atendimento,Consumo de Energia,61.79232,2025-10-28 17:00:00
Sonoff Pow R3,W,Ventilador Pequeno,Sala de Atendimento,Consumo de Energia,33.843,2025-10-28 18:00:00
Sonoff Pow R3,W,Ventilador Pequeno,Sala de Atendimento,Consumo de Energia,5.15118,2025-10-28 19:00:00
Sonoff Pow R3,W,Ventilador Pequeno,Sala de Atendimento,Consumo de Energia,37.27562,2025-10-28 20:00:00
Sonoff Pow R3,W,Ventilador Pequeno,Sala de Atendimento,Consumo de Energia,50.50979,2025-10-28 21:00:00
Sonoff Pow R3,W,Ventilador Pequeno,Sala de Atendimento,Consumo de Energia,92.66115,2025-10-28 22:00:00
Sonoff Pow R3,W,Ventilador Pequeno,Sala de Atendimento,Consumo de Energia,121.93097,2025-10-28 23:00:00
Sonoff Pow R3,W,Impressora,Area Administrativa,Consumo de Energia,4.59139,2025-10-28 00:00:00
Sonoff Pow R3,W,Impressora,Area Administrativa,Consumo de Energia,52.56758,2025-10-28 01:00:00
Sonoff Pow R3,W,Impressora,Area Administrativa,Consumo de Energia,43.79346,2025-10-28 02:00:00
Sonoff Pow R3,W,Impressora,Area Administrativa,Consumo de Energia,85.56923,2025-10-28 03:00:00
Sonoff Pow R3,W,Impressora,Area Administrativa,Consumo de Energia,79.78068,2025-10-28 04:00:00
Sonoff Pow R3,W,Impressora,Area Administrativa,Consumo de Energia,86.45524,2025-10-28 05:00:00
Sonoff Pow R3,W,Impressora,Area Administrativa,Consumo de Energia,90.98423,2025-10-28 06:00:00
Sonoff Pow R3,W,Impressora,Area Administrativa,Consumo de Energia,69.67139,2025-10-28 07:00:00
Sonoff Pow R3,W,Impressora,Area Administrativa,Consumo de Energia,28.60977,2025-10-28 08:00:00
Sonoff Pow R3,W,Impressora,Area Administrativa,Consumo de Energia,12.0763,2025-10-28 09:00:00
Sonoff Pow R3,W,Impressora,Area Administrativa,Consumo de Energia,11.74075,2025-10-28 10:00:00
Sonoff Pow R3,W,Impressora,Area Administrativa,Consumo de Energia,46.0668,2025-10-28 11:00:00
Sonoff Pow R3,W,Impressora,Area Administrativa,Consumo de Energia,79.76579,2025-10-28 12:00:00
Sonoff Pow R3,W,Impressora,Area Administrativa,Consumo de Energia,102.2311,2025-10-28 13:00:00
Sonoff Pow R3,W,Impressora,Area Administrativa,Consumo de Energia,106.79826,2025-10-28 14:00:00
Sonoff Pow R3,W,Impressora,Area Administrativa,Consumo de Energia,81.72857,2025-10-28 15:00:00
Sonoff Pow R3,W,Impressora,Area Administrativa,Consumo de Energia,67.57927,2025-10-28 16:00:00
Sonoff Pow R3,W,Impressora,Area Administrativa,Consumo de Energia,66.70765,2025-10-28 17:00:00
Sonoff Pow R3,W,Impressora,Area Administrativa,Consumo de Energia,48.85866,2025-10-28 18:00:00
Sonoff Pow R3,W,Impressora,Area Administrativa,Consumo de Energia,6.88569,2025-10-28 19:00:00
Sonoff Pow R3,W,Impressora,Area Administrativa,Consumo de Energia,52.2529,2025-10-28 20:00:00
Sonoff Pow R3,W,Impressora,Area Administrativa,Consumo de Energia,63.02708,2025-10-28 21:00:00
Sonoff Pow R3,W,Impressora,Area Administrativa,Consumo de Energia,98.33316,2025-10-28 22:00:00
Sonoff Pow R3,W,Impressora,Area Administrativa,Consumo de Energia,86.54153,2025-10-28 23:00:00
PZEM-004T,V,Aquecedor de Ambiente,Sala Técnica,Tensão,219.34192,2025-10-28 00:00:00
PZEM-004T,V,Aquecedor de Ambiente,Sala Técnica,Tensão,220.5735,2025-10-28 01:00:00
PZEM-004T,V,Aquecedor de Ambiente,Sala Técnica,Tensão,218.0,2025-10-28 02:00:00
PZEM-004T,V,Aquecedor de Ambiente,Sala Técnica,Tensão,221.42473,2025-10-28 03:00:00
PZEM-004T,V,Aquecedor de Ambiente,Sala Técnica,Tensão,218.8166,2025-10-28 04:00:00
PZEM-004T,V,Aquecedor de Ambiente,Sala Técnica,Tensão,220.94797,2025-10-28 05:00:00
PZEM-004T,V,Aquecedor de Ambiente,Sala Técnica,Tensão,218.90163,2025-10-28 06:00:00
PZEM-004T,V,Aquecedor de Ambiente,Sala Técnica,Tensão,221.88599,2025-10-28 07:00:00
PZEM-004T,V,Aquecedor de Ambiente,Sala Técnica,Tensão,220.54458,2025-10-28 08:00:00
PZEM-004T,V,Aquecedor de Ambiente,Sala Técnica,Tensão,219.04917,2025-10-28 09:00:00
PZEM-004T,V,Aquecedor de Ambiente,Sala Técnica,Tensão,220.53929,2025-10-28 10:00:00
PZEM-004T,V,Aquecedor de Ambiente,Sala Técnica,Tensão,218.73708,2025-10-28 11:00:00
PZEM-004T,V,Aquecedor de Ambiente,Sala Técnica,Tensão,220.32794,2025-10-28 12:00:00
PZEM-004T,V,Aquecedor de Ambiente,Sala Técnica,Tensão,218.7368,2025-10-28 13:00:00
PZEM-004T,V,Aquecedor de Ambiente,Sala Técnica,Tensão,219.98799,2025-10-28 14:00:00
PZEM-004T,V,Aquecedor de Ambiente,Sala Técnica,Tensão,219.01854,2025-10-28 15:00:00
PZEM-004T,V,Aquecedor de Ambiente,Sala Técnica,Tensão,221.33418,2025-10-28 16:00:00
PZEM-004T,V,Aquecedor de Ambiente,Sala Técnica,Tensão,219.05127,2025-10-28 17:00:00
PZEM-004T,V,Aquecedor de Ambiente,Sala Técnica,Tensão,218.396,2025-10-28 18:00:00
PZEM-004T,V,Aquecedor de Ambiente,Sala Técnica,Tensão,220.55589,2025-10-28 19:00:00
PZEM-004T,V,Aquecedor de Ambiente,Sala Técnica,Tensão,220.39381,2025-10-28 20:00:00
PZEM-004T,V,Aquecedor de Ambiente,Sala Técnica,Tensão,219.13325,2025-10-28 21:00:00
PZEM-004T,V,Aquecedor de Ambiente,Sala Técnica,Tensão,214.87957,2025-10-28 22:00:00
PZEM-004T,V,Aquecedor de Ambiente,Sala Técnica,Tensão,209.23196,2025-10-28 23:00:00
PZEM-004T,V,Ar-Condicionado 10.000 BTU,Escritorio,Tensão,219.33137,2025-10-28 00:00:00
PZEM-004T,V,Ar-Condicionado 10.000 BTU,Escritorio,Tensão,218.95741,2025-10-28 01:00:00
PZEM-004T,V,Ar-Condicionado 10.000 BTU,Escritorio,Tensão,221.44732,2025-10-28 02:00:00
PZEM-004T,V,Ar-Condicionado 10.000 BTU,Escritorio,Tensão,219.0454,2025-10-28 03:00:00
PZEM-004T,V,Ar-Condicionado 10.000 BTU,Escritorio,Tensão,219.29423,2025-10-28 04:00:00
PZEM-004T,V,Ar-Condicionado 10.000 BTU,Escritorio,Tensão,219.8003,2025-10-28 05:00:00
PZEM-004T,V,Ar-Condicionado 10.000 BTU,Escritorio,Tensão,221.9275,2025-10-28 06:00:00
PZEM-004T,V,Ar-Condicionado 10.000 BTU,Escritorio,Tensão,218.0,2025-10-28 07:00:00
PZEM-004T,V,Ar-Condicionado 10.000 BTU,Escritorio,Tensão,220.76628,2025-10-28 08:00:00
PZEM-004T,V,Ar-Condicionado 10.000 BTU,Escritorio,Tensão,219.63737,2025-10-28 09:00:00
PZEM-004T,V,Ar-Condicionado 10.000 BTU,Escritorio,Tensão,221.50048,2025-10-28 10:00:00
PZEM-004T,V,Ar-Condicionado 10.000 BTU,Escritorio,Tensão,220.88275,2025-10-28 11:00:00
PZEM-004T,V,Ar-Condicionado 10.000 BTU,Escritorio,Tensão,220.71258,2025-10-28 12:00:00
PZEM-004T,V,Ar-Condicionado 10.000 BTU,Escritorio,Tensão,219.83679,2025-10-28 13:00:00
PZEM-004T,V,Ar-Condicionado 10.000 BTU,Escritorio,Tensão,220.51594,2025-10-28 14:00:00
PZEM-004T,V,Ar-Condicionado 10.000 BTU,Escritorio,Tensão,221.63895,2025-10-28 15:00:00
PZEM-004T,V,Ar-Condicionado 10.000 BTU,Escritorio,Tensão,221.52385,2025-10-28 16:00:00
PZEM-004T,V,Ar-Condicionado 10.000 BTU,Escritorio,Tensão,218.14377,2025-10-28 17:00:00
PZEM-004T,V,Ar-Condicionado 10.000 BTU,Escritorio,Tensão,219.56183,2025-10-28 18:00:00
PZEM-004T,V,Ar-Condicionado 10.000 BTU,Escritorio,Tensão,212.56802,2025-10-28 19:00:00
PZEM-004T,V,Ar-Condicionado 10.000 BTU,Escritorio,Tensão,205.7686,2025-10-28 20:00:00
PZEM-004T,V,Ar-Condicionado 10.000 BTU,Escritorio,Tensão,198.0,2025-10-28 21:00:00
PZEM-004T,V,Ar-Condicionado 10.000 BTU,Escritorio,Tensão,199.26947,2025-10-28 22:00:00
PZEM-004T,V,Ar-Condicionado 10.000 BTU,Escritorio,Tensão,206.3355,2025-10-28 23:00:00
PZEM-004T,V,Circulador de Ar Grande,Galpao de Producao,Tensão,218.97527,2025-10-28 00:00:00
PZEM-004T,V,Circulador de Ar Grande,Galpao de Producao,Tensão,218.91466,2025-10-28 01:00:00
PZEM-004T,V,Circulador de Ar Grande,Galpao de Producao,Tensão,221.71759,2025-10-28 02:00:00
PZEM-004T,V,Circulador de Ar Grande,Galpao de Producao,Tensão,219.09245,2025-10-28 03:00:00
PZEM-004T,V,Circulador de Ar Grande,Galpao de Producao,Tensão,218.86005,2025-10-28 04:00:00
PZEM-004T,V,Circulador de Ar Grande,Galpao de Producao,Tensão,221.14403,2025-10-28 05:00:00
PZEM-004T,V,Circulador de Ar Grande,Galpao de Producao,Tensão,219.42529,2025-10-28 06:00:00
PZEM-004T,V,Circulador de Ar Grande,Galpao de Producao,Tensão,218.80068,2025-10-28 07:00:00
PZEM-004T,V,Circulador de Ar Grande,Galpao de Producao,Tensão,221.09923,2025-10-28 08:00:00
PZEM-004T,V,Circulador de Ar Grande,Galpao de Producao,Tensão,221.31327,2025-10-28 09:00:00
PZEM-004T,V,Circulador de Ar Grande,Galpao de Producao,Tensão,219.63685,2025-10-28 10:00:00
PZEM-004T,V,Circulador de Ar Grande,Galpao de Producao,Tensão,219.66466,2025-10-28 11:00:00
PZEM-004T,V,Circulador de Ar Grande,Galpao de Producao,Tensão,220.43679,2025-10-28 12:00:00
PZEM-004T,V,Circulador de Ar Grande,Galpao de Producao,Tensão,220.58949,2025-10-28 13:00:00
PZEM-004T,V,Circulador de Ar Grande,Galpao de Producao,Tensão,220.00336,2025-10-28 14:00:00
PZEM-004T,V,Circulador de Ar Grande,Galpao de Producao,Tensão,220.47898,2025-10-28 15:00:00
PZEM-004T,V,Circulador de Ar Grande,Galpao de Producao,Tensão,219.39953,2025-10-28 16:00:00
PZEM-004T,V,Circulador de Ar Grande,Galpao de Producao,Tensão,220.70474,2025-10-28 17:00:00
PZEM-004T,V,Circulador de Ar Grande,Galpao de Producao,Tensão,220.88638,2025-10-28 18:00:00
PZEM-004T,V,Circulador de Ar Grande,Galpao de Producao,Tensão,219.59603,2025-10-28 19:00:00
PZEM-004T,V,Circulador de Ar Grande,Galpao de Producao,Tensão,222.0,2025-10-28 20:00:00
PZEM-004T,V,Circulador de Ar Grande,Galpao de Producao,Tensão,220.12734,2025-10-28 21:00:00
PZEM-004T,V,Circulador de Ar Grande,Galpao de Producao,Tensão,221.20209,2025-10-28 22:00:00
PZEM-004T,V,Circulador de Ar Grande,Galpao de Producao,Tensão,220.14141,2025-10-28 23:00:00
PZEM-004T,V,TV em Cores - 20,Sala de Espera,Tensão,218.91241,2025-10-28 00:00:00
PZEM-004T,V,TV em Cores - 20,Sala de Espera,Tensão,220.66742,2025-10-28 01:00:00
PZEM-004T,V,TV em Cores - 20,Sala de Espera,Tensão,220.6663,2025-10-28 02:00:00
PZEM-004T,V,TV em Cores - 20,Sala de Espera,Tensão,218.73766,2025-10-28 03:00:00
PZEM-004T,V,TV em Cores - 20,Sala de Espera,Tensão,221.80303,2025-10-28 04:00:00
PZEM-004T,V,TV em Cores - 20,Sala de Espera,Tensão,221.33028,2025-10-28 05:00:00
PZEM-004T,V,TV em Cores - 20,Sala de Espera,Tensão,221.98112,2025-10-28 06:00:00
PZEM-004T,V,TV em Cores - 20,Sala de Espera,Tensão,220.47528,2025-10-28 07:00:00
PZEM-004T,V,TV em Cores - 20,Sala de Espera,Tensão,219.52722,2025-10-28 08:00:00
PZEM-004T,V,TV em Cores - 20,Sala de Espera,Tensão,220.34093,2025-10-28 09:00:00
PZEM-004T,V,TV em Cores - 20,Sala de Espera,Tensão,219.27818,2025-10-28 10:00:00
PZEM-004T,V,TV em Cores - 20,Sala de Espera,Tensão,219.13968,2025-10-28 11:00:00
PZEM-004T,V,TV em Cores - 20,Sala de Espera,Tensão,216.52803,2025-10-28 12:00:00
PZEM-004T,V,TV em Cores - 20,Sala de Espera,Tensão,212.53797,2025-10-28 13:00:00
PZEM-004T,V,TV em Cores - 20,Sala de Espera,Tensão,210.91006,2025-10-28 14:00:00
PZEM-004T,V,TV em Cores - 20,Sala de Espera,Tensão,205.14234,2025-10-28 15:00:00
PZEM-004T,V,TV em Cores - 20,Sala de Espera,Tensão,201.93824,2025-10-28 16:00:00
PZEM-004T,V,TV em Cores - 20,Sala de Espera,Tensão,198.76291,2025-10-28 17:00:00
PZEM-004T,V,TV em Cores - 20,Sala de Espera,Tensão,198.08587,2025-10-28 18:00:00
PZEM-004T,V,TV em Cores - 20,Sala de Espera,Tensão,202.79462,2025-10-28 19:00:00
PZEM-004T,V,TV em Cores - 20,Sala de Espera,Tensão,205.83685,2025-10-28 20:00:00
PZEM-004T,V,TV em Cores - 20,Sala de Espera,Tensão,209.61481,2025-10-28 21:00:00
PZEM-004T,V,TV em Cores - 20,Sala de Espera,Tensão,212.31564,2025-10-28 22:00:00
PZEM-004T,V,TV em Cores - 20,Sala de Espera,Tensão,215.5134,2025-10-28 23:00:00
hms_m21,C,TV em Cores - 29,Sala de Descanso,Temperatura,24.02,2025-10-28 00:00:00
hms_m21,C,TV em Cores - 29,Sala de Descanso,Temperatura,26.3,2025-10-28 01:00:00
hms_m21,C,TV em Cores - 29,Sala de Descanso,Temperatura,23.04,2025-10-28 02:00:00
hms_m21,C,TV em Cores - 29,Sala de Descanso,Temperatura,27.79,2025-10-28 03:00:00
hms_m21,C,TV em Cores - 29,Sala de Descanso,Temperatura,24.78,2025-10-28 04:00:00
hms_m21,C,TV em Cores - 29,Sala de Descanso,Temperatura,26.35,2025-10-28 05:00:00
hms_m21,C,TV em Cores - 29,Sala de Descanso,Temperatura,26.15,2025-10-28 06:00:00
hms_m21,C,TV em Cores - 29,Sala de Descanso,Temperatura,23.69,2025-10-28 07:00:00
hms_m21,C,TV em Cores - 29,Sala de Descanso,Temperatura,28.49,2025-10-28 08:00:00
hms_m21,C,TV em Cores - 29,Sala de Descanso,Temperatura,27.02,2025-10-28 09:00:00
hms_m21,C,TV em Cores - 29,Sala de Descanso,Temperatura,26.11,2025-10-28 10:00:00
hms_m21,C,TV em Cores - 29,Sala de Descanso,Temperatura,24.98,2025-10-28 11:00:00
hms_m21,C,TV em Cores - 29,Sala de Descanso,Temperatura,23.23,2025-10-28 12:00:00
hms_m21,C,TV em Cores - 29,Sala de Descanso,Temperatura,25.04,2025-10-28 13:00:00
hms_m21,C,TV em Cores - 29,Sala de Descanso,Temperatura,24.01,2025-10-28 14:00:00
hms_m21,C,TV em Cores - 29,Sala de Descanso,Temperatura,25.22,2025-10-28 15:00:00
hms_m21,C,TV em Cores - 29,Sala de Descanso,Temperatura,21.62,2025-10-28 16:00:00
hms_m21,C,TV em Cores - 29,Sala de Descanso,Temperatura,21.95,2025-10-28 17:00:00
hms_m21,C,TV em Cores - 29,Sala de Descanso,Temperatura,24.94,2025-10-28 18:00:00
hms_m21,C,TV em Cores - 29,Sala de Descanso,Temperatura,23.36,2025-10-28 19:00:00
hms_m21,C,TV em Cores - 29,Sala de Descanso,Temperatura,22.87,2025-10-28 20:00:00
hms_m21,C,TV em Cores - 29,Sala de Descanso,Temperatura,25.98,2025-10-28 21:00:00
hms_m21,C,TV em Cores - 29,Sala de Descanso,Temperatura,24.6,2025-10-28 22:00:00
hms_m21,C,TV em Cores - 29,Sala de Descanso,Temperatura,27.02,2025-10-28 23:00:00
hms_m21,C,TV em Cores - 14,Recepcao,Temperatura,27.95,2025-10-28 00:00:00
hms_m21,C,TV em Cores - 14,Recepcao,Temperatura,23.8,2025-10-28 01:00:00
hms_m21,C,TV em Cores - 14,Recepcao,Temperatura,22.95,2025-10-28 02:00:00
hms_m21,C,TV em Cores - 14,Recepcao,Temperatura,25.62,2025-10-28 03:00:00
hms_m21,C,TV em Cores - 14,Recepcao,Temperatura,24.45,2025-10-28 04:00:00
hms_m21,C,TV em Cores - 14,Recepcao,Temperatura,22.59,2025-10-28 05:00:00
hms_m21,C,TV em Cores - 14,Recepcao,Temperatura,26.96,2025-10-28 06:00:00
hms_m21,C,TV em Cores - 14,Recepcao,Temperatura,27.51,2025-10-28 07:00:00
hms_m21,C,TV em Cores - 14,Recepcao,Temperatura,24.17,2025-10-28 08:00:00
hms_m21,C,TV em Cores - 14,Recepcao,Temperatura,28.78,2025-10-28 09:00:00
hms_m21,C,TV em Cores - 14,Recepcao,Temperatura,27.88,2025-10-28 10:00:00
hms_m21,C,TV em Cores - 14,Recepcao,Temperatura,28.75,2025-10-28 11:00:00
hms_m21,C,TV em Cores - 14,Recepcao,Temperatura,24.01,2025-10-28 12:00:00
hms_m21,C,TV em Cores - 14,Recepcao,Temperatura,23.46,2025-10-28 13:00:00
hms_m21,C,TV em Cores - 14,Recepcao,Temperatura,24.18,2025-10-28 14:00:00
hms_m21,C,TV em Cores - 14,Recepcao,Temperatura,26.85,2025-10-28 15:00:00
hms_m21,C,TV em Cores - 14,Recepcao,Temperatura,23.84,2025-10-28 16:00:00
hms_m21,C,TV em Cores - 14,Recepcao,Temperatura,24.58,2025-10-28 17:00:00
hms_m21,C,TV em Cores - 14,Recepcao,Temperatura,23.05,2025-10-28 18:00:00
hms_m21,C,TV em Cores - 14,Recepcao,Temperatura,24.7,2025-10-28 19:00:00
hms_m21,C,TV em Cores - 14,Recepcao,Temperatura,29.78,2025-10-28 20:00:00
hms_m21,C,TV em Cores - 14,Recepcao,Temperatura,27.85,2025-10-28 21:00:00
hms_m21,C,TV em Cores - 14,Recepcao,Temperatura,23.2,2025-10-28 22:00:00
hms_m21,C,TV em Cores - 14,Recepcao,Temperatura,28.56,2025-10-28 23:00:00
hms_m21,C,Lâmpada Incandescente - 60 W,Corredor,Temperatura,26.02,2025-10-28 00:00:00
hms_m21,C,Lâmpada Incandescente - 60 W,Corredor,Temperatura,28.43,2025-10-28 01:00:00
hms_m21,C,Lâmpada Incandescente - 60 W,Corredor,Temperatura,28.01,2025-10-28 02:00:00
hms_m21,C,Lâmpada Incandescente - 60 W,Corredor,Temperatura,24.69,2025-10-28 03:00:00
hms_m21,C,Lâmpada Incandescente - 60 W,Corredor,Temperatura,24.4,2025-10-28 04:00:00
hms_m21,C,Lâmpada Incandescente - 60 W,Corredor,Temperatura,24.19,2025-10-28 05:00:00
hms_m21,C,Lâmpada Incandescente - 60 W,Corredor,Temperatura,20.26,2025-10-28 06:00:00
hms_m21,C,Lâmpada Incandescente - 60 W,Corredor,Temperatura,26.54,2025-10-28 07:00:00
hms_m21,C,Lâmpada Incandescente - 60 W,Corredor,Temperatura,25.31,2025-10-28 08:00:00
hms_m21,C,Lâmpada Incandescente - 60 W,Corredor,Temperatura,24.25,2025-10-28 09:00:00
hms_m21,C,Lâmpada Incandescente - 60 W,Corredor,Temperatura,24.76,2025-10-28 10:00:00
hms_m21,C,Lâmpada Incandescente - 60 W,Corredor,Temperatura,24.3,2025-10-28 11:00:00
hms_m21,C,Lâmpada Incandescente - 60 W,Corredor,Temperatura,25.22,2025-10-28 12:00:00
hms_m21,C,Lâmpada Incandescente - 60 W,Corredor,Temperatura,21.6,2025-10-28 13:00:00
hms_m21,C,Lâmpada Incandescente - 60 W,Corredor,Temperatura,26.06,2025-10-28 14:00:00
hms_m21,C,Lâmpada Incandescente - 60 W,Corredor,Temperatura,20.96,2025-10-28 15:00:00
hms_m21,C,Lâmpada Incandescente - 60 W,Corredor,Temperatura,22.1,2025-10-28 16:00:00
hms_m21,C,Lâmpada Incandescente - 60 W,Corredor,Temperatura,21.85,2025-10-28 17:00:00
hms_m21,C,Lâmpada Incandescente - 60 W,Corredor,Temperatura,30.16,2025-10-28 18:00:00
hms_m21,C,Lâmpada Incandescente - 60 W,Corredor,Temperatura,23.68,2025-10-28 19:00:00
hms_m21,C,Lâmpada Incandescente - 60 W,Corredor,Temperatura,24.74,2025-10-28 20:00:00
hms_m21,C,Lâmpada Incandescente - 60 W,Corredor,Temperatura,26.0,2025-10-28 21:00:00
hms_m21,C,Lâmpada Incandescente - 60 W,Corredor,Temperatura,26.12,2025-10-28 22:00:00
hms_m21,C,Lâmpada Incandescente - 60 W,Corredor,Temperatura,23.23,2025-10-28 23:00:00
hms_m21,C,Multiprocessador,Copa,Temperatura,23.6,2025-10-28 00:00:00
hms_m21,C,Multiprocessador,Copa,Temperatura,23.13,2025-10-28 01:00:00
hms_m21,C,Multiprocessador,Copa,Temperatura,28.79,2025-10-28 02:00:00
hms_m21,C,Multiprocessador,Copa,Temperatura,26.03,2025-10-28 03:00:00
hms_m21,C,Multiprocessador,Copa,Temperatura,26.4,2025-10-28 04:00:00
hms_m21,C,Multiprocessador,Copa,Temperatura,24.96,2025-10-28 05:00:00
hms_m21,C,Multiprocessador,Copa,Temperatura,26.35,2025-10-28 06:00:00
hms_m21,C,Multiprocessador,Copa,Temperatura,25.64,2025-10-28 07:00:00
hms_m21,C,Multiprocessador,Copa,Temperatura,26.2,2025-10-28 08:00:00
hms_m21,C,Multiprocessador,Copa,Temperatura,24.85,2025-10-28 09:00:00
hms_m21,C,Multiprocessador,Copa,Temperatura,25.62,2025-10-28 10:00:00
hms_m21,C,Multiprocessador,Copa,Temperatura,23.58,2025-10-28 11:00:00
hms_m21,C,Multiprocessador,Copa,Temperatura,25.03,2025-10-28 12:00:00
hms_m21,C,Multiprocessador,Copa,Temperatura,23.73,2025-10-28 13:00:00
hms_m21,C,Multiprocessador,Copa,Temperatura,27.07,2025-10-28 14:00:00
hms_m21,C,Multiprocessador,Copa,Temperatura,27.04,2025-10-28 15:00:00
hms_m21,C,Multiprocessador,Copa,Temperatura,22.98,2025-10-28 16:00:00
hms_m21,C,Multiprocessador,Copa,Temperatura,24.26,2025-10-28 17:00:00
hms_m21,C,Multiprocessador,Copa,Temperatura,27.65,2025-10-28 18:00:00
hms_m21,C,Multiprocessador,Copa,Temperatura,25.64,2025-10-28 19:00:00
hms_m21,C,Multiprocessador,Copa,Temperatura,27.76,2025-10-28 20:00:00
hms_m21,C,Multiprocessador,Copa,Temperatura,25.29,2025-10-28 21:00:00
hms_m21,C,Multiprocessador,Copa,Temperatura,21.66,2025-10-28 22:00:00
hms_m21,C,Multiprocessador,Copa,Temperatura,26.47,2025-10-28 23:00:00
ct_clamp,A,Ar-Condicionado 12.000 BTU,Recepcao,Corrente Elétrica,2.22829,2025-10-28 00:00:00
ct_clamp,A,Ar-Condicionado 12.000 BTU,Recepcao,Corrente Elétrica,27.02857,2025-10-28 01:00:00
ct_clamp,A,Ar-Condicionado 12.000 BTU,Recepcao,Corrente Elétrica,-38.16646,2025-10-28 02:00:00
ct_clamp,A,Ar-Condicionado 12.000 BTU,Recepcao,Corrente Elétrica,-14.90266,2025-10-28 03:00:00
ct_clamp,A,Ar-Condicionado 12.000 BTU,Recepcao,Corrente Elétrica,1.97816,2025-10-28 04:00:00
ct_clamp,A,Ar-Condicionado 12.000 BTU,Recepcao,Corrente Elétrica,69.4096,2025-10-28 05:00:00
ct_clamp,A,Ar-Condicionado 12.000 BTU,Recepcao,Corrente Elétrica,46.81124,2025-10-28 06:00:00
ct_clamp,A,Ar-Condicionado 12.000 BTU,Recepcao,Corrente Elétrica,-1.22113,2025-10-28 07:00:00
ct_clamp,A,Ar-Condicionado 12.000 BTU,Recepcao,Corrente Elétrica,27.90762,2025-10-28 08:00:00
ct_clamp,A,Ar-Condicionado 12.000 BTU,Recepcao,Corrente Elétrica,11.15161,2025-10-28 09:00:00
ct_clamp,A,Ar-Condicionado 12.000 BTU,Recepcao,Corrente Elétrica,-26.24489,2025-10-28 10:00:00
ct_clamp,A,Ar-Condicionado 12.000 BTU,Recepcao,Corrente Elétrica,-19.84228,2025-10-28 11:00:00
ct_clamp,A,Ar-Condicionado 12.000 BTU,Recepcao,Corrente Elétrica,-26.61387,2025-10-28 12:00:00
ct_clamp,A,Ar-Condicionado 12.000 BTU,Recepcao,Corrente Elétrica,2.33724,2025-10-28 13:00:00
ct_clamp,A,Ar-Condicionado 12.000 BTU,Recepcao,Corrente Elétrica,9.7458,2025-10-28 14:00:00
ct_clamp,A,Ar-Condicionado 12.000 BTU,Recepcao,Corrente Elétrica,-48.67969,2025-10-28 15:00:00
ct_clamp,A,Ar-Condicionado 12.000 BTU,Recepcao,Corrente Elétrica,36.90445,2025-10-28 16:00:00
ct_clamp,A,Ar-Condicionado 12.000 BTU,Recepcao,Corrente Elétrica,6.1136,2025-10-28 17:00:00
ct_clamp,A,Ar-Condicionado 12.000 BTU,Recepcao,Corrente Elétrica,0.08726,2025-10-28 18:00:00
ct_clamp,A,Ar-Condicionado 12.000 BTU,Recepcao,Corrente Elétrica,-4.84623,2025-10-28 19:00:00
ct_clamp,A,Ar-Condicionado 12.000 BTU,Recepcao,Corrente Elétrica,52.6693,2025-10-28 20:00:00
ct_clamp,A,Ar-Condicionado 12.000 BTU,Recepcao,Corrente Elétrica,-0.66349,2025-10-28 21:00:00
ct_clamp,A,Ar-Condicionado 12.000 BTU,Recepcao,Corrente Elétrica,-0.45169,2025-10-28 22:00:00
ct_clamp,A,Ar-Condicionado 12.000 BTU,Recepcao,Corrente Elétrica,26.53701,2025-10-28 23:00:00
ct_clamp,A,Ar-Condicionado 7.500 BTU,Sala de Supervisao,Corrente Elétrica,2.22829,2025-10-28 00:00:00
ct_clamp,A,Ar-Condicionado 7.500 BTU,Sala de Supervisao,Corrente Elétrica,27.02857,2025-10-28 01:00:00
ct_clamp,A,Ar-Condicionado 7.500 BTU,Sala de Supervisao,Corrente Elétrica,-38.16646,2025-10-28 02:00:00
ct_clamp,A,Ar-Condicionado 7.500 BTU,Sala de Supervisao,Corrente Elétrica,-14.90266,2025-10-28 03:00:00
ct_clamp,A,Ar-Condicionado 7.500 BTU,Sala de Supervisao,Corrente Elétrica,1.97816,2025-10-28 04:00:00
ct_clamp,A,Ar-Condicionado 7.500 BTU,Sala de Supervisao,Corrente Elétrica,69.4096,2025-10-28 05:00:00
ct_clamp,A,Ar-Condicionado 7.500 BTU,Sala de Supervisao,Corrente Elétrica,46.81124,2025-10-28 06:00:00
ct_clamp,A,Ar-Condicionado 7.500 BTU,Sala de Supervisao,Corrente Elétrica,-1.22113,2025-10-28 07:00:00
ct_clamp,A,Ar-Condicionado 7.500 BTU,Sala de Supervisao,Corrente Elétrica,27.90762,2025-10-28 08:00:00
ct_clamp,A,Ar-Condicionado 7.500 BTU,Sala de Supervisao,Corrente Elétrica,11.15161,2025-10-28 09:00:00
ct_clamp,A,Ar-Condicionado 7.500 BTU,Sala de Supervisao,Corrente Elétrica,-26.24489,2025-10-28 10:00:00
ct_clamp,A,Ar-Condicionado 7.500 BTU,Sala de Supervisao,Corrente Elétrica,-19.84228,2025-10-28 11:00:00
ct_clamp,A,Ar-Condicionado 7.500 BTU,Sala de Supervisao,Corrente Elétrica,-26.61387,2025-10-28 12:00:00
ct_clamp,A,Ar-Condicionado 7.500 BTU,Sala de Supervisao,Corrente Elétrica,2.33724,2025-10-28 13:00:00
ct_clamp,A,Ar-Condicionado 7.500 BTU,Sala de Supervisao,Corrente Elétrica,9.7458,2025-10-28 14:00:00
ct_clamp,A,Ar-Condicionado 7.500 BTU,Sala de Supervisao,Corrente Elétrica,-48.67969,2025-10-28 15:00:00
ct_clamp,A,Ar-Condicionado 7.500 BTU,Sala de Supervisao,Corrente Elétrica,36.90445,2025-10-28 16:00:00
ct_clamp,A,Ar-Condicionado 7.500 BTU,Sala de Supervisao,Corrente Elétrica,6.1136,2025-10-28 17:00:00
ct_clamp,A,Ar-Condicionado 7.500 BTU,Sala de Supervisao,Corrente Elétrica,0.08726,2025-10-28 18:00:00
ct_clamp,A,Ar-Condicionado 7.500 BTU,Sala de Supervisao,Corrente Elétrica,-4.84623,2025-10-28 19:00:00
ct_clamp,A,Ar-Condicionado 7.500 BTU,Sala de Supervisao,Corrente Elétrica,52.6693,2025-10-28 20:00:00
ct_clamp,A,Ar-Condicionado 7.500 BTU,Sala de Supervisao,Corrente Elétrica,-0.66349,2025-10-28 21:00:00
ct_clamp,A,Ar-Condicionado 7.500 BTU,Sala de Supervisao,Corrente Elétrica,-0.45169,2025-10-28 22:00:00
ct_clamp,A,Ar-Condicionado 7.500 BTU,Sala de Supervisao,Corrente Elétrica,26.53701,2025-10-28 23:00:00
ct_clamp,A,Circulador de Ar Pequeno/Médio,Oficina,Corrente Elétrica,2.22829,2025-10-28 00:00:00
ct_clamp,A,Circulador de Ar Pequeno/Médio,Oficina,Corrente Elétrica,27.02857,2025-10-28 01:00:00
ct_clamp,A,Circulador de Ar Pequeno/Médio,Oficina,Corrente Elétrica,-38.16646,2025-10-28 02:00:00
ct_clamp,A,Circulador de Ar Pequeno/Médio,Oficina,Corrente Elétrica,-14.90266,2025-10-28 03:00:00
ct_clamp,A,Circulador de Ar Pequeno/Médio,Oficina,Corrente Elétrica,1.97816,2025-10-28 04:00:00
ct_clamp,A,Circulador de Ar Pequeno/Médio,Oficina,Corrente Elétrica,69.4096,2025-10-28 05:00:00
ct_clamp,A,Circulador de Ar Pequeno/Médio,Oficina,Corrente Elétrica,46.81124,2025-10-28 06:00:00
ct_clamp,A,Circulador de Ar Pequeno/Médio,Oficina,Corrente Elétrica,-1.22113,2025-10-28 07:00:00
ct_clamp,A,Circulador de Ar Pequeno/Médio,Oficina,Corrente Elétrica,27.90762,2025-10-28 08:00:00
ct_clamp,A,Circulador de Ar Pequeno/Médio,Oficina,Corrente Elétrica,11.15161,2025-10-28 09:00:00
ct_clamp,A,Circulador de Ar Pequeno/Médio,Oficina,Corrente Elétrica,-26.24489,2025-10-28 10:00:00
ct_clamp,A,Circulador de Ar Pequeno/Médio,Oficina,Corrente Elétrica,-19.84228,2025-10-28 11:00:00
ct_clamp,A,Circulador de Ar Pequeno/Médio,Oficina,Corrente Elétrica,-26.61387,2025-10-28 12:00:00
ct_clamp,A,Circulador de Ar Pequeno/Médio,Oficina,Corrente Elétrica,2.33724,2025-10-28 13:00:00
ct_clamp,A,Circulador de Ar Pequeno/Médio,Oficina,Corrente Elétrica,9.7458,2025-10-28 14:00:00
ct_clamp,A,Circulador de Ar Pequeno/Médio,Oficina,Corrente Elétrica,-48.67969,2025-10-28 15:00:00
ct_clamp,A,Circulador de Ar Pequeno/Médio,Oficina,Corrente Elétrica,36.90445,2025-10-28 16:00:00
ct_clamp,A,Circulador de Ar Pequeno/Médio,Oficina,Corrente Elétrica,6.1136,2025-10-28 17:00:00
ct_clamp,A,Circulador de Ar Pequeno/Médio,Oficina,Corrente Elétrica,0.08726,2025-10-28 18:00:00
ct_clamp,A,Circulador de Ar Pequeno/Médio,Oficina,Corrente Elétrica,-4.84623,2025-10-28 19:00:00
ct_clamp,A,Circulador de Ar Pequeno/Médio,Oficina,Corrente Elétrica,52.6693,2025-10-28 20:00:00
ct_clamp,A,Circulador de Ar Pequeno/Médio,Oficina,Corrente Elétrica,-0.66349,2025-10-28 21:00:00
ct_clamp,A,Circulador de Ar Pequeno/Médio,Oficina,Corrente Elétrica,-0.45169,2025-10-28 22:00:00
ct_clamp,A,Circulador de Ar Pequeno/Médio,Oficina,Corrente Elétrica,26.53701,2025-10-28 23:00:00
ct_clamp,A,Ventilador Pequeno,Area de Producao,Corrente Elétrica,2.22829,2025-10-28 00:00:00
ct_clamp,A,Ventilador Pequeno,Area de Producao,Corrente Elétrica,27.02857,2025-10-28 01:00:00
ct_clamp,A,Ventilador Pequeno,Area de Producao,Corrente Elétrica,-38.16646,2025-10-28 02:00:00
ct_clamp,A,Ventilador Pequeno,Area de Producao,Corrente Elétrica,-14.90266,2025-10-28 03:00:00
ct_clamp,A,Ventilador Pequeno,Area de Producao,Corrente Elétrica,1.97816,2025-10-28 04:00:00
ct_clamp,A,Ventilador Pequeno,Area de Producao,Corrente Elétrica,69.4096,2025-10-28 05:00:00
ct_clamp,A,Ventilador Pequeno,Area de Producao,Corrente Elétrica,46.81124,2025-10-28 06:00:00
ct_clamp,A,Ventilador Pequeno,Area de Producao,Corrente Elétrica,-1.22113,2025-10-28 07:00:00
ct_clamp,A,Ventilador Pequeno,Area de Producao,Corrente Elétrica,27.90762,2025-10-28 08:00:00
ct_clamp,A,Ventilador Pequeno,Area de Producao,Corrente Elétrica,11.15161,2025-10-28 09:00:00
ct_clamp,A,Ventilador Pequeno,Area de Producao,Corrente Elétrica,-26.24489,2025-10-28 10:00:00
ct_clamp,A,Ventilador Pequeno,Area de Producao,Corrente Elétrica,-19.84228,2025-10-28 11:00:00
ct_clamp,A,Ventilador Pequeno,Area de Producao,Corrente Elétrica,-26.61387,2025-10-28 12:00:00
ct_clamp,A,Ventilador Pequeno,Area de Producao,Corrente Elétrica,2.33724,2025-10-28 13:00:00
ct_clamp,A,Ventilador Pequeno,Area de Producao,Corrente Elétrica,9.7458,2025-10-28 14:00:00
ct_clamp,A,Ventilador Pequeno,Area de Producao,Corrente Elétrica,-48.67969,2025-10-28 15:00:00
ct_clamp,A,Ventilador Pequeno,Area de Producao,Corrente Elétrica,36.90445,2025-10-28 16:00:00
ct_clamp,A,Ventilador Pequeno,Area de Producao,Corrente Elétrica,6.1136,2025-10-28 17:00:00
ct_clamp,A,Ventilador Pequeno,Area de Producao,Corrente Elétrica,0.08726,2025-10-28 18:00:00
ct_clamp,A,Ventilador Pequeno,Area de Producao,Corrente Elétrica,-4.84623,2025-10-28 19:00:00
ct_clamp,A,Ventilador Pequeno,Area de Producao,Corrente Elétrica,52.6693,2025-10-28 20:00:00
ct_clamp,A,Ventilador Pequeno,Area de Producao,Corrente Elétrica,-0.66349,2025-10-28 21:00:00
ct_clamp,A,Ventilador Pequeno,Area de Producao,Corrente Elétrica,-0.45169,2025-10-28 22:00:00
ct_clamp,A,Ventilador Pequeno,Area de Producao,Corrente Elétrica,26.53701,2025-10-28 23:00:00
